﻿Тип продукции;Наименование продукции;Артикул;Минимальная стоимость для партнера;Основной материал
Гостиные;Комплект мебели для гостиной Ольха горная;1549922;160507,00;Мебельный щит из массива дерева
Гостиные;Стенка для гостиной Вишня темная;1018556;216907,00;Мебельный щит из массива дерева
Прихожие;Прихожая Венге Винтаж;3028272;24970,00;Ламинированное ДСП
Прихожие;Тумба с вешалкой Дуб натуральный;3029272;18206,00;Ламинированное ДСП
Прихожие;Прихожая-комплект Дуб темный;3028248;177509,00;Мебельный щит из массива дерева
Мягкая мебель;Диван-кровать угловой Книжка;7118827;85900,00;Мебельный щит из массива дерева
Мягкая мебель;Диван модульный Телескоп;7137981;75900,00;Мебельный щит из массива дерева
Мягкая мебель;Диван-кровать Соло;7029787;120345,00;Мебельный щит из массива дерева
Мягкая мебель;Детский диван Выкатной;7758953;25990,00;Фанера
Кровати;Кровать с подъемным механизмом с матрасом 1600х2000 Венге;6026662;69500,00;Мебельный щит из массива дерева
Кровати;Кровать с матрасом 90х2000 Венге;6159043;55600,00;Ламинированное ДСП
Кровати;Кровать универсальная Дуб натуральный;6588376;37900,00;Ламинированное ДСП
Кровати;Кровать с ящиками Ясень белый;6758375;46750,00;Фанера
Шкафы;Шкаф-купе 3-х дверный Сосна белая;2759324;131560,00;Ламинированное ДСП
Шкафы;Стеллаж Бук натуральный;2118827;38700,00;Мебельный щит из массива дерева
Шкафы;Шкаф 4 дверный с ящиками Ясень серый;2559898;160151,00;Фанера
Шкафы;Шкаф-пенал Береза белый;2259474;40500,00;Фанера
Комоды;Комод 6 ящиков Вишня светлая;4115947;61235,00;Мебельный щит из массива дерева
Комоды;Комод 4 ящика Вишня светлая;4033136;41200,00;Мебельный щит из массива дерева
Комоды;Тумба под ТВ ;4028048;12350,00;МДФ
