﻿Название цеха;Тип цеха;Количество человек для производства 
Проектный;Проектирование;4
Расчетный;Проектирование;5
Раскроя;Обработка;5
Обработки;Обработка;6
Сушильный;Сушка;3
Покраски;Обработка;5
Столярный;Обработка;7
Изготовления изделий из искусственного камня и композитных материалов;Обработка;3
Изготовления мягкой мебели;Обработка;5
Монтажа стеклянных, зеркальных вставок и других изделий;Сборка;2
Сборки;Сборка;6
Упаковки;Сборка;4
